Cell, 0
1,2,8,5,4,3,6,0,9,7
Cell, 1
11,15,17,13,10,14,16,18,12,19
Cell, 2
21,25,27,28,20,24,29,22,23,26
Cell, 3
31,35,41,40,38,36,45,43,34,37,39,32,44,33,30,42
Cell, 4
47,51,53,49,46,48,50,52
Cell, 5
55,58,67,65,61,59,64,56,57,60,63,62,66,54
Cell, 6
69,73,79,78,77,76,72,71,70,74,68,75
Cell, 7
81,91,90,85,88,82,84,83,86,80,87,89
Cell, 8
93,95,99,98,97,92,96,94
Cell, 9
101,100,104,105,107,108,102,103,109,106
Cell, 10
111,118,123,122,113,117,119,116,112,121,114,120,110,115
Cell, 11
125,129,135,134,132,136,137,126,124,131,133,130,128,127
Cell, 12
139,143,145,141,138,142,146,147,140,144
Cell, 13
149,152,155,154,150,153,151,148
Cell, 14
124,160,161,128,126,157,158,130,159,156
Cell, 15
163,166,162,169,164,168,173,175,167,170,171,165,174,172
Cell, 16
154,176,182,149,151,181,179,180,150,177,183,178
Cell, 17
185,195,133,137,189,190,136,194,184,186,187,192,191,188,127,193
Cell, 18
197,203,204,199,202,200,196,201,198,205
Cell, 19
207,206,217,208,20,24,214,215,209,211,21,25,212,216,213,210
Cell, 20
219,223,220,221,218,224,226,222,227,225
Cell, 21
207,20,24,206,22,229,230,26,228,231
Cell, 22
233,241,240,232,238,239,235,237,234,236
Cell, 23
243,247,257,256,245,250,246,248,249,251,252,244,253,254,255,242
Cell, 24
259,262,258,263,266,267,264,270,269,265,260,271,261,268
Cell, 25
273,272,276,277,279,239,241,274,275,233,278,238
Cell, 26
280,281,119,115,282,283,110,116
Cell, 27
285,284,294,289,287,290,292,204,199,295,291,286,293,288,197,203
Cell, 28
110,116,283,282,112,114,298,297,296,299
Cell, 29
301,309,304,300,305,303,308,302,310,311,306,307
Cell, 30
313,318,321,312,315,319,314,123,115,280,316,281,317,119,320,122
Cell, 31
323,330,331,326,327,139,138,325,328,324,142,329,143,322
Cell, 32
333,337,342,343,340,341,339,334,336,338,332,335
Cell, 33
344,353,349,350,345,6,3,348,351,352,347,9,346,355,7,354
Cell, 34
357,363,5,1,356,361,2,362,359,358,8,360
Cell, 35
364,346,348,366,367,365,0,7,368,3,4,369
Cell, 36
198,372,370,200,205,374,375,377,196,371,373,376
Cell, 37
379,387,386,383,385,380,388,389,378,381,390,391,384,382
Cell, 38
393,397,396,395,394,341,337,392,340,333
Cell, 39
399,402,405,404,407,406,403,400,70,71,398,401,68,74
Cell, 40
409,425,424,413,422,423,414,418,419,411,415,417,410,421,416,412,408,420
Cell, 41
427,435,431,429,426,178,177,433,434,432,179,430,181,428
Cell, 42
437,436,439,438,319,315,317,316
Cell, 43
441,447,446,440,443,168,166,444,449,442,164,448,445,163
Cell, 44
76,450,451,77,73,452,69,453
Cell, 45
455,217,208,457,454,456,231,206,458,459,230,207
Cell, 46
461,464,469,465,462,466,463,467,460,468
Cell, 47
471,444,445,475,473,472,449,474,448,470
Cell, 48
345,476,483,347,344,477,480,482,350,479,481,478
Cell, 49
484,486,487,485,202,201,370,200,372,198
Cell, 50
97,96,19,18,94,92,16,490,491,488,489,12
Cell, 51
416,497,492,418,410,11,10,495,496,419,493,494,14,15
Cell, 52
242,498,499,246,255,500,186,184,248,501,192,188
Cell, 53
502,503,505,504,23,26,228,300,310,29,305,22,301,229
Cell, 54
58,508,510,55,67,380,387,507,509,65,385,379,506,511
Cell, 55
111,113,117,118,517,515,506,511,513,516,514,507,509,512
Cell, 56
76,450,451,77,70,68,521,518,519,401,523,522,520,400
Cell, 57
458,524,527,454,459,525,456,526
Cell, 58
203,196,205,204,292,530,531,374,293,528,529,373
Cell, 59
533,535,541,540,536,538,537,532,534,539
Cell, 60
112,114,120,121,213,209,297,543,210,542,215,296
Cell, 61
333,396,397,337,342,343,81,88,546,544,545,547,82,91
Cell, 62
549,553,557,556,551,548,552,550,558,555,561,560,559,554
Cell, 63
268,269,270,271,564,562,563,567,565,566
Cell, 64
358,575,568,362,360,577,570,571,574,359,572,573,569,576
Cell, 65
259,263,578,581,265,266,579,582,583,580
Cell, 66
585,591,589,587,584,588,586,590
Cell, 67
593,566,567,597,594,592,565,596,563,595
Cell, 68
599,605,604,601,602,600,603,598
Cell, 69
597,539,537,593,596,613,610,609,606,534,594,611,608,538,612,607
Cell, 70
286,293,292,290,529,193,188,499,614,530,184,194,498,615
Cell, 71
617,619,620,618,621,616,279,273,275,277
Cell, 72
623,627,629,625,626,628,522,400,403,622,624,519,398,401
Cell, 73
630,631,353,349,38,39,350,479,36,477,42,344
Cell, 74
633,45,30,636,634,637,320,122,111,513,43,635,118,123,512,44,314,632
Cell, 75
639,648,649,641,643,640,250,247,647,642,645,245,644,243,638,646
Cell, 76
651,659,658,654,650,652,656,653,657,655
Cell, 77
91,81,396,397,393,395,90,663,660,105,103,107,101,662,661,85
Cell, 78
664,424,425,665,558,550,420,559,560,415
Cell, 79
298,283,282,299,281,317,438,668,670,671,280,666,669,667,439,316
Cell, 80
2,6,9,8,358,575,672,483,347,362,568,673,345,476
Cell, 81
371,375,374,373,531,132,125,675,528,134,131,674
Cell, 82
376,377,676,677,371,375,674,675
Cell, 83
148,153,426,432,150,151,181,178
Cell, 84
679,685,678,681,683,686,687,680,689,684,682,688
Cell, 85
586,587,589,590,532,534,606,691,536,608,690,538
Cell, 86
693,692,699,698,696,700,695,697,694,701
Cell, 87
703,702,335,339,704,706,343,544,705,707,547,342
Cell, 88
709,713,717,716,711,715,588,591,708,712,710,584,714,585
Cell, 89
617,619,729,725,620,618,722,726,727,720,718,730,719,731,723,721,724,728
Cell, 90
732,734,741,737,733,738,736,739,651,659,658,654,735,740
Cell, 91
632,637,672,673,634,635,476,482,478,483
Cell, 92
742,733,738,743,183,182,732,180,734,176
Cell, 93
705,707,744,746,704,706,745,748,751,747,749,750
Cell, 94
328,755,752,322,325,754,303,305,505,329,753,307,503,310
Cell, 95
395,393,103,107,109,108,392,54,59,60,394,61
Cell, 96
705,707,744,746,544,547,756,545,757,546
Cell, 97
624,628,626,622,758,759,700,692,760,693,696,761
Cell, 98
408,141,145,423,412,219,218,762,146,414,224,763,223,144
Cell, 99
60,54,392,394,340,336,62,341,332,57
Cell, 100
469,765,767,464,465,721,723,766,461,720,764,727
Cell, 101
753,307,303,754,306,308,768,285,284,294,289,769
Cell, 102
56,64,66,63,772,776,777,770,775,771,773,774
Cell, 103
779,781,789,788,778,783,784,780,785,84,85,661,90,89,663,786,787,782
Cell, 104
552,791,796,561,548,792,740,735,795,790,554,797,736,793,739,794
Cell, 105
493,495,10,14,18,97,93,798,19,98,799,96
Cell, 106
655,801,800,656,658,738,743,802,659,733,803,742
Cell, 107
113,121,120,117,516,517,213,212,805,211,804,209
Cell, 108
806,809,440,441,810,807,447,812,808,811,813,446
Cell, 109
815,819,821,820,814,818,542,215,214,817,210,216,543,816
Cell, 110
823,825,829,822,828,274,241,240,826,824,278,233,827,232
Cell, 111
224,763,762,218,222,648,642,225,638,649
Cell, 112
484,486,309,304,487,485,300,228,231,456,526,468,469,765,459,525,230,229,301,767,464,463
Cell, 113
811,830,832,808,807,831,810,833
Cell, 114
790,834,837,797,795,357,356,836,794,361,363,835
Cell, 115
838,839,729,725,841,840,617,621,616,619
Cell, 116
100,32,34,104,102,508,509,512,44,106,510,511,43,513
Cell, 117
842,843,422,417,327,324,408,141,139,145,423,143
Cell, 118
845,846,849,844,847,682,684,848,680,687
Cell, 119
284,294,306,308,302,311,295,288
Cell, 120
587,589,536,532,533,540,585,714,851,850,708,591
Cell, 121
853,865,855,862,852,858,859,857,864,861,854,863,856,860
Cell, 122
703,704,706,702,867,775,774,843,422,409,750,866,776,842,417,413,751,772
Cell, 123
854,857,859,856,869,868,779,778,870,40,39,631,31,38,630,783,781,871
Cell, 124
873,872,427,429,155,152,432,148,153,426
Cell, 125
778,783,871,870,661,663,35,37,660,33,662,41
Cell, 126
874,879,876,881,880,877,435,434,878,883,875,428,431,882
Cell, 127
884,886,580,579,189,190,581,885,185,195,887,578
Cell, 128
889,888,382,388,891,892,383,890,893,386
Cell, 129
885,887,195,185,133,130,159,895,137,894,157,126
Cell, 130
170,466,460,171,167,524,525,463,165,527,526,468
Cell, 131
771,777,776,774,326,324,843,323,842,327
Cell, 132
11,410,419,15,17,13,421,791,790,834,897,898,896,899,837,797,796,411
Cell, 133
890,893,892,891,805,804,515,517,516,514
Cell, 134
616,840,841,621,277,273,903,900,276,272,902,901
Cell, 135
614,499,498,615,257,242,256,246
Cell, 136
582,583,905,904,266,265,267,261
Cell, 137
37,33,662,660,101,105,34,104,100,32
Cell, 138
58,508,510,55,61,109,106,59,108,102
Cell, 139
906,909,915,914,911,912,908,694,701,907,697,913,695,910
Cell, 140
634,635,482,478,480,636,481,633
Cell, 141
853,862,875,878,861,852,434,433,918,916,917,428,919,430
Cell, 142
597,539,537,593,541,920,925,922,564,567,535,923,562,566,924,921
Cell, 143
872,873,610,612,155,152,611,926,737,732,182,149,927,741,734,154,176,609
Cell, 144
349,353,352,354,929,928,630,868,869,631
Cell, 145
287,291,646,647,286,290,247,257,615,243,256,614
Cell, 146
731,930,931,730,620,275,238,237,618,236,239,279
Cell, 147
933,934,940,935,937,938,939,936,932,941
Cell, 148
782,784,788,789,943,948,949,942,947,946,945,944
Cell, 149
950,351,355,953,952,928,352,951,354,929
Cell, 150
455,457,955,954,458,454,174,165,527,524,167,175
Cell, 151
494,496,958,960,493,495,961,956,799,957,959,798
Cell, 152
72,78,79,75,489,490,896,17,12,16,13,898
Cell, 153
565,592,595,563,270,271,962,965,260,963,964,264
Cell, 154
897,834,837,899,836,576,569,835,570,577
Cell, 155
179,430,433,177,183,180,919,802,743,742,803,918
Cell, 156
889,891,892,888,28,21,211,804,27,25,805,212
Cell, 157
731,930,931,730,718,129,124,160,719,161,128,135
Cell, 158
640,644,934,933,245,250,937,253,252,938
Cell, 159
756,744,746,757,966,967,747,709,713,717,716,745
Cell, 160
594,596,595,592,963,969,613,962,607,968
Cell, 161
477,42,36,479,481,480,30,636,45,633
Cell, 162
880,971,970,883,874,844,848,881,845,847
Cell, 163
972,974,977,976,884,886,973,904,582,579,975,905,583,580
Cell, 164
411,421,420,415,550,560,796,561,552,791
Cell, 165
979,981,724,726,978,980,722,728
Cell, 166
758,984,983,759,760,985,688,682,847,970,761,686,982,687,971,848
Cell, 167
514,515,890,893,507,387,386,506,383,379
Cell, 168
138,142,329,325,140,147,753,769,768,754
Cell, 169
984,983,989,988,758,759,987,625,622,626,623,986
Cell, 170
455,457,955,954,217,208,817,214,216,816
Cell, 171
748,712,711,749,745,716,747,709
Cell, 172
969,968,877,882,607,613,431,429,873,610,435,427,872,612
Cell, 173
443,442,978,980,164,168,981,467,460,171,170,466,462,979
Cell, 174
715,710,664,665,584,588,559,557,690,590,586,691,553,558
Cell, 175
652,657,368,367,655,656,364,953,951,993,992,800,366,950,990,801,991,952
Cell, 176
475,471,994,995,444,445,169,163,166,162
Cell, 177
973,976,977,975,987,986,629,625,623,627
Cell, 178
542,820,821,543,297,298,671,296,299,666
Cell, 179
334,339,335,338,867,702,866,703
Cell, 180
870,41,35,871,31,40
Cell, 181
920,234,235,921,541,540,851,826,240,535,533,850,827,232
Cell, 182
572,312,321,574,568,673,632,314,575,320,637,672
Cell, 183
227,960,958,226,225,649,641,961,222,957,639,648
Cell, 184
193,529,530,194,528,531,136,132,127,131
Cell, 185
904,973,975,905,261,260,965,989,986,267,964,988,264,987
Cell, 186
972,884,886,974,189,187,997,190,996,191
Cell, 187
402,939,941,399,405,254,244,936,404,251,932,249
Cell, 188
577,576,836,835,361,356,360,359
Cell, 189
639,957,961,641,959,956,645,643
Cell, 190
288,295,199,197,311,304,484,202,302,201,486,309
Cell, 191
997,500,501,996,187,186,191,192
Cell, 192
87,998,999,83,80,822,824,900,903,86,823,828,901,902
Cell, 193
967,966,829,825,713,717,826,851,714,708,850,827
Cell, 194
814,1000,1001,818,817,955,175,173,816,174,954,172
Cell, 195
64,65,67,66,385,381,773,380,770,390
Cell, 196
765,767,487,485,372,370,766,677,376,377,676,764
Cell, 197
896,898,897,899,569,573,452,73,79,570,453,571,69,78
Cell, 198
252,253,937,938,244,251,936,932
Cell, 199
1002,813,812,1003,470,448,446,472,449,447
Cell, 200
248,255,254,249,501,996,974,977,627,403,404,500,398,629,405,976,972,997
Cell, 201
888,889,27,28,23,29,382,384,1004,504,502,389,1005,388
Cell, 202
553,691,690,557,606,608,556,926,611,549,927,609
Cell, 203
942,1008,1007,945,949,1006,944,1009
Cell, 204
227,960,958,226,494,492,220,496,497,221
Cell, 205
845,844,874,881,879,876,846,849
Cell, 206
365,650,653,369,367,652,368,657
Cell, 207
676,675,674,677,766,764,125,129,718,720,723,719,135,134
Cell, 208
147,140,769,768,285,289,146,762,642,647,287,291,646,144,763,638
Cell, 209
1010,1011,95,99,940,935,98,799,956,645,644,934,643,959,640,798,93,933
Cell, 210
800,992,990,801,916,918,803,917,802,919
Cell, 211
815,601,604,819,814,1000,1013,603,818,1001,598,1012
Cell, 212
788,789,947,943,863,864,779,854,857,781
Cell, 213
735,654,651,739,653,369,4,1,357,795,650,363,5,0,365,794
Cell, 214
908,910,695,694,698,699,1015,689,688,985,982,686,683,1014
Cell, 215
599,605,670,669,604,601,666,820,815,819,821,671
Cell, 216
330,391,378,331,328,755,1004,384,322,752,389,1005
Cell, 217
771,773,770,777,323,330,391,390,326,378,331,381
Cell, 218
909,1012,1013,906,915,52,53,1016,994,162,172,1001,914,169,173,1000,995,1017,51,48
Cell, 219
50,46,1015,1014,47,49,683,679,1019,1018,681,689
Cell, 220
505,503,752,755,502,504,1005,1004
Cell, 221
780,787,786,785,1002,813,811,830,1003,832,808,812
Cell, 222
760,761,982,985,692,699,693,698
Cell, 223
736,740,792,793,737,741,551,549,927,926,556,555
Cell, 224
518,523,522,519,624,628,436,439,667,907,701,700,437,668,438,697,913,696
Cell, 225
855,865,864,863,943,947,678,681,1018,948,946,1019,679,685
Cell, 226
488,491,490,489,72,75,1020,407,71,74,406,1021
Cell, 227
991,993,951,952,929,868,859,858,928,869,856,860
Cell, 228
1016,1017,1006,1009,994,995,1007,473,471,474,1008,475
Cell, 229
984,983,989,988,970,883,882,969,963,964,971,965,962,968,877,880
Cell, 230
998,903,901,999,833,831,840,839,806,810,841,838,809,807
Cell, 231
992,990,917,916,861,860,991,852,858,993
Cell, 232
824,828,902,900,278,274,272,276
Cell, 233
416,497,492,418,412,414,221,219,220,223
Cell, 234
942,1008,1007,945,784,782,474,470,1002,780,1003,472,473,787
Cell, 235
1010,1011,95,99,1020,488,94,1021,491,92
Cell, 236
894,895,159,157,156,924,923,1023,158,925,922,1022
Cell, 237
334,338,332,336,866,867,57,56,775,772,63,62
Cell, 238
262,1022,1023,258,269,564,922,268,923,562
Cell, 239
84,785,786,89,830,831,999,83,832,87,998,833
Cell, 240
1016,1017,1006,1009,949,944,53,49,1019,946,51,47,1018,948
Cell, 241
313,315,319,318,437,436,520,523,521,518
Cell, 242
823,822,80,86,825,967,757,546,88,829,756,545,966,82
Cell, 243
894,895,1023,1022,885,581,259,262,887,258,263,578
Cell, 244
906,911,912,909,602,603,1013,600,598,1012
Cell, 245
908,910,1014,1015,914,915,50,52,48,46
Cell, 246
1010,1011,1021,1020,940,935,406,402,939,407,941,399
Cell, 247
462,467,981,979,724,726,461,727,721,465
Cell, 248
748,712,711,749,750,409,425,665,715,751,710,664,424,413
Cell, 249
364,366,950,953,346,348,351,355
Cell, 250
667,669,670,668,907,913,599,602,911,600,605,912
Cell, 251
846,684,680,849,678,685,879,878,853,865,855,862,875,876
Cell, 252
548,554,793,792,551,555
Cell, 253
443,442,978,980,722,728,441,806,839,729,838,725,809,440
Cell, 254
930,931,160,161,237,236,158,925,920,234,235,924,156,921
Cell, 255
521,520,318,313,450,452,573,572,312,451,453,571,574,321
